{
  "children": {

    "total": 100,

    "race": {
      "black": 0.1931174089,
      "indigenous": 0.004048582996,
      "mixed": 0.5036437247,
      "white": 0.2971659919,
      "yellow": 0.002024291498
    },

    "siblings": {
      "true": 0.6024291498,
      "false": 0.3975708502
    },

    "mental": {
      "true": 0.1402834008,
      "false": 0.8597165992
    },

    "physical": {
      "true": 0.05546558704,
      "false": 0.94453441296
    },

    "gender": {
      "female": 0.4926286442,
      "male": 0.5073713558
    },

    "age": {
      "1": 0.05507767684,
      "2": 0.05532102008,
      "3": 0.05431087222,
      "4": 0.05471582423,
      "5": 0.05584397923,
      "6": 0.0547113599,
      "7": 0.05397547077,
      "8": 0.0541175481,
      "9": 0.05392509824,
      "10": 0.05377422246,
      "11": 0.05457529082,
      "12": 0.05494517923,
      "13": 0.05537593135,
      "14": 0.05680384755,
      "15": 0.05750041337,
      "16": 0.05768458562,
      "17": 0.05821245553,
      "18": 0.05912922446
    }

  },

  "applicants": {

    "accepts": {

      "race": {

        "all": 0.5047478024,
        "some": 0.295632962,
        "only": 0.1996192357,

        "details": {

          "some": {
            "black": {
              "true": 0.5603582005,
              "false": 0.4396417995
            },
            "indigenous": {
              "true": 0.5460677855,
              "false": 0.4539322145
            },
            "mixed": {
              "true": 0.8284445071,
              "false": 0.1715554929
            },
            "white": {
              "true": 0.924857801,
              "false": 0.075142199
            },
            "yellow": {
              "true": 0.5840972124,
              "false": 0.4159027876
            }
          },

          "only": {
            "black": 0.04015071235,
            "indigenous": 0.002472624514,
            "mixed": 0.2036971624,
            "white": 0.7482632756,
            "yellow": 0.005416225127
          }

        }

      },

      "siblings": {
        "true": 0.3688713393,
        "false": 0.6311286607,
        "details": {
          "twins": 0.348798947
        }
      },

      "mental": {
        "true": 0.03309359282,
        "false": 0.96690640718
      },

      "physical": {
        "true": 0.06193296667,
        "false": 0.93806703333
      },

      "gender": {
        "female": 0.2730691487,
        "male": 0.08195835096,
        "all": 0.6449725004
      },

      "age": {
        "1": 0.1149109199,
        "2": 0.1492267193,
        "3": 0.1837305505,
        "4": 0.1535279462,
        "5": 0.1560898792,
        "6": 0.1054153152,
        "7": 0.05826634701,
        "8": 0.03229445776,
        "9": 0.01377332769,
        "10": 0.01386734358,
        "11": 0.005405913599,
        "12": 0.00411319513,
        "13": 0.002397405161,
        "14": 0.001316222442,
        "15": 0.0009871668312,
        "16": 0.0007051191651,
        "17": 0.0007051191651,
        "18": 0.003267052132
      }

    }

  }

}
